{
  "routes": [
    {
      "route": "/api/*",
      "allowedRoles": ["anonymous"]
    },
    {
      "route": "/*",
      "serve": "/index.html",
      "statusCode": 200
    }
  ],
  "navigationFallback": {
    "rewrite": "/index.html",
    "exclude": ["/api/*", "/*.{css,js,png,jpg,gif,svg,ico}"]
  },
  "globalHeaders": {
    "content-security-policy": "default-src 'self' https://login.microsoftonline.com https://alcdn.msauth.net; style-src 'self' 'unsafe-inline'; script-src 'self' https://alcdn.msauth.net 'unsafe-inline'; connect-src 'self' https://login.microsoftonline.com https://*.msauth.net"
  },
  "mimeTypes": {
    ".json": "application/json",
    ".js": "application/javascript"
  }
}
